{
  "accuracy": 0.9355641592920354,
  "weighted_f1": 0.9341827795801666,
  "cv_accuracy_mean": 0.9360584278877342,
  "cv_accuracy_std": 0.0012407795684101954,
  "feature_importance": {
    "N": 0.38653409481048584,
    "K": 0.33432164788246155,
    "P": 0.2602417767047882,
    "pH": 0.010976070538163185,
    "rainfall": 0.005496010184288025,
    "temperature": 0.002430460648611188
  },
  "n_classes": 40,
  "feature_cols": [
    "N",
    "P",
    "K",
    "pH",
    "rainfall",
    "temperature"
  ]
}